<?xml version="1.0" encoding="utf-8"?>
<modification>
    <name>Hide flat delivery if free is available</name>
    <code>custom_hide_flat_delivery_if_free_is_available</code>
    <version>1.0 3.0.x</version>
    <author>HDDen</author>
    <link>https://github.com/HDDen</link>

    <file path="catalog/model/extension/shipping/flat.php"> 
        <operation error="skip">
            <search><![CDATA[$method_data = array();]]></search>
            <add position="replace"><![CDATA[ 
		if ($this->cart->getSubTotal() > $this->config->get('shipping_free_total')) {
			$status = false;
		}
        
		$method_data = array();
            ]]></add>
        </operation>
    </file>

</modification>